Bell No,Actual Time,SJF Model,Kalman Slow Model,RWP Model,Metronomic Model
1,0,0,0,183.774,0
2,180,226.522,226.522,394.279,208.698
3,370,453.043,453.043,604.784,417.395
4,720,679.565,679.565,815.289,626.093
5,890,906.087,906.087,1025.79,834.79
6,1120,1132.61,1132.61,1236.3,1043.49
7,1420,1359.13,1359.13,1446.8,1252.19
8,1670,1585.65,1585.65,1657.31,1460.88
9,1850,1812.17,1812.17,1867.82,1669.58
10,2220,2038.7,2038.7,2078.32,1878.28
11,2490,2265.22,2265.22,2288.83,2086.98
12,2660,2491.74,2491.74,2499.33,2295.67
1,2780,2718.26,2718.26,2709.84,2504.37
2,2960,2944.78,2944.78,2920.34,2713.07
3,3230,3171.3,3171.3,3130.85,2921.77
4,3370,3397.83,3397.83,3341.35,3130.46
5,3440,3624.35,3624.35,3551.86,3339.16
6,3710,3850.87,3850.87,3762.36,3547.86
7,3990,4077.39,4077.39,3972.87,3756.56
8,4150,4303.91,4303.91,4183.37,3965.25
9,4410,4530.43,4530.43,4393.88,4173.95
10,4690,4756.96,4756.96,4604.38,4382.65
11,4980,4983.48,4983.48,4814.89,4591.35
12,5210,5210,5210,5025.39,4800.04
1,5640,5605.79,5531.99,5578.36,5217.44
2,5840,5814.8,5753.86,5788.86,5426.14
3,6050,6023.81,5975.72,5999.37,5634.83
4,6220,6232.81,6197.59,6209.87,5843.53
5,6400,6441.82,6419.45,6420.38,6052.23
6,6580,6650.83,6641.31,6630.88,6260.93
7,6850,6859.84,6863.18,6841.39,6469.62
8,7050,7068.84,7085.04,7051.89,6678.32
9,7260,7277.85,7306.91,7262.4,6887.02
10,7520,7486.86,7528.77,7472.9,7095.72
11,7680,7695.87,7750.64,7683.41,7304.41
12,7910,7904.87,7972.5,7893.91,7513.11
1,8160,8113.88,8194.36,8104.42,7721.81
2,8310,8322.89,8416.23,8314.92,7930.51
3,8570,8531.9,8638.09,8525.43,8139.2
4,8720,8740.9,8859.96,8735.93,8347.9
5,8920,8949.91,9081.82,8946.44,8556.6
6,9120,9158.92,9303.69,9156.95,8765.3
7,9340,9367.93,9525.55,9367.45,8973.99
8,9510,9576.93,9747.41,9577.96,9182.69
9,9720,9785.94,9969.28,9788.46,9391.39
10,10040,9994.95,10191.1,9998.97,9600.09
11,10150,10204,10413,10209.5,9808.78
12,10420,10413,10634.9,10420,10017.5
1,10890,10875.1,10895.3,10873.1,10434.9
2,11110,11080.3,11110.7,11079,10643.6
3,11290,11285.6,11326,11284.9,10852.3
4,11550,11490.9,11541.4,11490.8,11061
5,11740,11696.2,11756.8,11696.7,11269.7
6,11940,11901.4,11972.2,11902.6,11478.4
7,12140,12106.7,12187.6,12108.5,11687.1
8,12310,12312,12402.9,12314.3,11895.8
9,12510,12517.3,12618.3,12520.2,12104.5
10,12720,12722.5,12833.7,12726.1,12313.2
11,12880,12927.8,13049.1,12932,12521.9
12,13090,13133.1,13264.4,13137.9,12730.5
1,13360,13338.4,13479.8,13343.8,12939.2
2,13540,13543.6,13695.2,13549.7,13147.9
3,13820,13748.9,13910.6,13755.6,13356.6
4,13960,13954.2,14126,13961.4,13565.3
5,14180,14159.5,14341.3,14167.3,13774
6,14390,14364.7,14556.7,14373.2,13982.7
7,14620,14570,14772.1,14579.1,14191.4
8,14720,14775.3,14987.5,14785,14400.1
9,14940,14980.6,15202.9,14990.9,14608.8
10,15120,15185.8,15418.2,15196.8,14817.5
11,15360,15391.1,15633.6,15402.6,15026.2
12,15600,15596.4,15849,15608.5,15234.9
1,16110,16055.7,16120.7,16056.8,15652.3
2,16300,16259.6,16330.2,16260.7,15861
3,16500,16463.5,16539.8,16464.6,16069.7
4,16640,16667.3,16749.3,16668.6,16278.4
5,16840,16871.2,16958.8,16872.5,16487.1
6,17020,17075.1,17168.3,17076.5,16695.8
7,17300,17279,17377.8,17280.4,16904.5
8,17490,17482.9,17587.3,17484.3,17113.2
9,17700,17686.8,17796.8,17688.3,17321.9
10,17930,17890.6,18006.3,17892.2,17530.6
11,18060,18094.5,18215.8,18096.2,17739.3
12,18280,18298.4,18425.3,18300.1,17948
1,18560,18502.3,18634.8,18504.1,18156.7
2,18720,18706.2,18844.3,18708,18365.4
3,18930,18910,19053.8,18911.9,18574.1
4,19090,19113.9,19263.3,19115.9,18782.8
5,19300,19317.8,19472.8,19319.8,18991.5
6,19490,19521.7,19682.3,19523.8,19200.2
7,19700,19725.6,19891.8,19727.7,19408.9
8,19890,19929.4,20101.3,19931.6,19617.6
9,20090,20133.3,20310.8,20135.6,19826.3
10,20360,20337.2,20520.3,20339.5,20035
11,20530,20541.1,20729.8,20543.5,20243.7
12,20820,20745,20939.3,20747.4,20452.4
1,21230,21204,21269.3,21199.1,20869.8
2,21420,21407.5,21474.9,21403.2,21078.5
3,21660,21611.1,21680.5,21607.2,21287.1
4,21810,21814.6,21886.1,21811.2,21495.8
5,22010,22018.2,22091.7,22015.2,21704.5
6,22190,22221.7,22297.4,22219.3,21913.2
7,22440,22425.3,22503,22423.3,22121.9
8,22620,22628.8,22708.6,22627.3,22330.6
9,22810,22832.3,22914.2,22831.3,22539.3
10,23050,23035.9,23119.8,23035.4,22748
11,23230,23239.4,23325.4,23239.4,22956.7
12,23440,23443,23531,23443.4,23165.4
1,23660,23646.5,23736.6,23647.4,23374.1
2,23830,23850.1,23942.2,23851.5,23582.8
3,24090,24053.6,24147.8,24055.5,23791.5
4,24260,24257.1,24353.4,24259.5,24000.2
5,24450,24460.7,24559.1,24463.5,24208.9
6,24630,24664.2,24764.7,24667.5,24417.6
7,24840,24867.8,24970.3,24871.6,24626.3
8,25010,25071.3,25175.9,25075.6,24835
9,25250,25274.9,25381.5,25279.6,25043.7
10,25470,25478.4,25587.1,25483.6,25252.4
11,25730,25681.9,25792.7,25687.7,25461.1
12,25960,25885.5,25998.3,25891.7,25669.8
1,26410,26355.4,26401,26362.3,26087.2
2,26600,26559.9,26605,26566.5,26295.9
3,26780,26764.5,26809.1,26770.7,26504.6
4,26950,26969,27013.1,26975,26713.3
5,27150,27173.5,27217.2,27179.2,26922
6,27370,27378.1,27421.2,27383.4,27130.7
7,27580,27582.6,27625.3,27587.6,27339.4
8,27790,27787.2,27829.3,27791.8,27548.1
9,27990,27991.7,28033.4,27996.1,27756.8
10,28230,28196.2,28237.4,28200.3,27965.5
11,28410,28400.8,28441.5,28404.5,28174.2
12,28620,28605.3,28645.6,28608.7,28382.9
1,28840,28809.9,28849.6,28812.9,28591.6
2,28990,29014.4,29053.7,29017.2,28800.3
3,29230,29218.9,29257.7,29221.4,29009
4,29410,29423.5,29461.8,29425.6,29217.7
5,29600,29628,29665.8,29629.8,29426.4
6,29810,29832.6,29869.9,29834.1,29635.1
7,30030,30037.1,30073.9,30038.3,29843.7
8,30190,30241.7,30278,30242.5,30052.4
9,30410,30446.2,30482.1,30446.7,30261.1
10,30630,30650.7,30686.1,30650.9,30469.8
11,30890,30855.3,30890.2,30855.2,30678.5
12,31150,31059.8,31094.2,31059.4,30887.2
1,31580,31521.9,31532.8,31521.5,31304.6
2,31750,31725.5,31736.4,31725.2,31513.3
3,31970,31929.1,31940,31928.9,31722
4,32080,32132.7,32143.6,32132.6,31930.7
5,32280,32336.2,32347.2,32336.3,32139.4
6,32500,32539.8,32550.8,32540.1,32348.1
7,32760,32743.4,32754.4,32743.8,32556.8
8,32940,32947,32958,32947.5,32765.5
9,33150,33150.6,33161.6,33151.2,32974.2
10,33390,33354.2,33365.2,33354.9,33182.9
11,33560,33557.8,33568.8,33558.6,33391.6
12,33770,33761.4,33772.4,33762.3,33600.3
1,33990,33965,33976,33966,33809
2,34190,34168.6,34179.6,34169.7,34017.7
3,34400,34372.2,34383.2,34373.4,34226.4
4,34580,34575.8,34586.8,34577.2,34435.1
5,34760,34779.4,34790.4,34780.9,34643.8
6,34940,34983,34994,34984.6,34852.5
7,35200,35186.5,35197.6,35188.3,35061.2
8,35350,35390.1,35401.2,35392,35269.9
9,35550,35593.7,35604.7,35595.7,35478.6
10,35780,35797.3,35808.3,35799.4,35687.3
11,36010,36000.9,36011.9,36003.1,35896
12,36260,36204.5,36215.5,36206.8,36104.7
1,36700,36666.8,36665.4,36661.9,36522.1
2,36880,36869.9,36868.9,36865.6,36730.8
3,37080,37073.1,37072.4,37069.2,36939.5
4,37270,37276.3,37275.9,37272.8,37148.2
5,37470,37479.5,37479.3,37476.5,37356.9
6,37680,37682.6,37682.8,37680.1,37565.6
7,37890,37885.8,37886.3,37883.8,37774.3
8,38090,38089,38089.8,38087.4,37983
9,38280,38292.1,38293.3,38291,38191.6
10,38540,38495.3,38496.8,38494.7,38400.3
11,38660,38698.5,38700.2,38698.3,38609
12,38890,38901.7,38903.7,38901.9,38817.7
1,39130,39104.8,39107.2,39105.6,39026.4
2,39280,39308,39310.7,39309.2,39235.1
3,39490,39511.2,39514.2,39512.8,39443.8
4,39740,39714.4,39717.6,39716.5,39652.5
5,39900,39917.5,39921.1,39920.1,39861.2
6,40110,40120.7,40124.6,40123.7,40069.9
7,40360,40323.9,40328.1,40327.4,40278.6
8,40490,40527.1,40531.6,40531,40487.3
9,40690,40730.2,40735.1,40734.7,40696
10,40940,40933.4,40938.5,40938.3,40904.7
11,41120,41136.6,41142,41141.9,41113.4
12,41410,41339.8,41345.5,41345.6,41322.1
1,41860,41813.7,41805.3,41806.1,41739.5
2,42050,42016.9,42008.9,42010.2,41948.2
3,42240,42220,42212.6,42214.3,42156.9
4,42420,42423.1,42416.2,42418.4,42365.6
5,42610,42626.2,42619.8,42622.5,42574.3
6,42820,42829.3,42823.5,42826.6,42783
7,43040,43032.4,43027.1,43030.8,42991.7
8,43240,43235.6,43230.7,43234.9,43200.4
9,43410,43438.7,43434.3,43439,43409.1
10,43680,43641.8,43638,43643.1,43617.8
11,43840,43844.9,43841.6,43847.2,43826.5
12,44070,44048,44045.2,44051.3,44035.2
1,44280,44251.1,44248.8,44255.4,44243.9
2,44490,44454.3,44452.5,44459.5,44452.6
3,44680,44657.4,44656.1,44663.6,44661.3
4,44850,44860.5,44859.7,44867.7,44870
5,45050,45063.6,45063.3,45071.8,45078.7
6,45220,45266.7,45267,45275.9,45287.4
7,45470,45469.8,45470.6,45480,45496.1
8,45620,45672.9,45674.2,45684.1,45704.8
9,45830,45876.1,45877.8,45888.2,45913.5
10,46050,46079.2,46081.5,46092.3,46122.2
11,46300,46282.3,46285.1,46296.4,46330.9
12,46560,46485.4,46488.7,46500.6,46539.6
1,47030,46959.6,46957.8,46961.4,46956.9
2,47210,47164.4,47161.9,47166.2,47165.6
3,47360,47369.1,47366.1,47371,47374.3
4,47570,47573.9,47570.2,47575.8,47583
5,47790,47778.7,47774.3,47780.6,47791.7
6,47960,47983.5,47978.5,47985.4,48000.4
7,48190,48188.2,48182.6,48190.2,48209.1
8,48370,48393,48386.7,48395,48417.8
9,48570,48597.8,48590.9,48599.8,48626.5
10,48800,48802.5,48795,48804.6,48835.2
11,48980,49007.3,48999.1,49009.5,49043.9
12,49200,49212.1,49203.3,49214.3,49252.6
1,49420,49416.8,49407.4,49419.1,49461.3
2,49620,49621.6,49611.5,49623.9,49670
3,49820,49826.4,49815.7,49828.7,49878.7
4,50030,50031.1,50019.8,50033.5,50087.4
5,50250,50235.9,50223.9,50238.3,50296.1
6,50430,50440.7,50428.1,50443.1,50504.8
7,50660,50645.4,50632.2,50647.9,50713.5
8,50840,50850.2,50836.4,50852.7,50922.2
9,51050,51055,51040.5,51057.5,51130.9
10,51250,51259.8,51244.6,51262.3,51339.6
11,51480,51464.5,51448.8,51467.1,51548.3
12,51720,51669.3,51652.9,51671.9,51757
2,52160,52149.2,52128.9,52144.4,52174.4
1,52410,52353.4,52333.6,52349.4,52383.1
3,52580,52557.5,52538.4,52554.4,52591.8
5,52760,52761.7,52743.1,52759.3,52800.5
4,52950,52965.9,52947.9,52964.3,53009.2
7,53210,53170.1,53152.6,53169.3,53217.9
6,53400,53374.2,53357.4,53374.3,53426.6
9,53570,53578.4,53562.1,53579.3,53635.3
8,53750,53782.6,53766.8,53784.2,53844
11,53920,53986.7,53971.6,53989.2,54052.7
10,54200,54190.9,54176.3,54194.2,54261.4
12,54370,54395.1,54381.1,54399.2,54470.1
2,54670,54599.3,54585.8,54604.2,54678.8
3,54860,54803.4,54790.6,54809.1,54887.5
1,55040,55007.6,54995.3,55014.1,55096.2
4,55250,55211.8,55200.1,55219.1,55304.8
5,55430,55416,55404.8,55424.1,55513.5
6,55600,55620.1,55609.6,55629.1,55722.2
7,55820,55824.3,55814.3,55834,55930.9
8,56020,56028.5,56019.1,56039,56139.6
9,56220,56232.7,56223.8,56244,56348.3
10,56420,56436.8,56428.6,56449,56557
11,56580,56641,56633.3,56654,56765.7
12,56850,56845.2,56838.1,56858.9,56974.4
3,57380,57330.3,57304.4,57324.2,57391.8
2,57610,57533.6,57509.4,57528.5,57600.5
4,57750,57737,57714.4,57732.8,57809.2
1,58000,57940.3,57919.4,57937.1,58017.9
6,58140,58143.6,58124.4,58141.4,58226.6
5,58330,58347,58329.4,58345.7,58435.3
8,58550,58550.3,58534.4,58550,58644
7,58790,58753.7,58739.4,58754.3,58852.7
10,58940,58957,58944.4,58958.7,59061.4
9,59070,59160.4,59149.3,59163,59270.1
11,59290,59363.7,59354.3,59367.3,59478.8
12,59520,59567,59559.3,59571.6,59687.5
2,59800,59770.4,59764.3,59775.9,59896.2
3,60010,59973.7,59969.3,59980.2,60104.9
4,60240,60177.1,60174.3,60184.5,60313.6
6,60410,60380.4,60379.3,60388.8,60522.3
1,60650,60583.8,60584.3,60593.2,60731
8,60810,60787.1,60789.3,60797.5,60939.7
5,60970,60990.5,60994.3,61001.8,61148.4
10,61150,61193.8,61199.3,61206.1,61357.1
7,61400,61397.1,61404.3,61410.4,61565.8
11,61560,61600.5,61609.3,61614.7,61774.5
9,61770,61803.8,61814.3,61819,61983.2
12,62030,62007.2,62019.3,62023.3,62191.9
2,62460,62476.8,62470.5,62473.4,62609.3
4,62630,62681.1,62675.5,62677.9,62818
3,62900,62885.5,62880.4,62882.4,63026.7
1,63120,63089.8,63085.3,63086.9,63235.4
6,63260,63294.1,63290.2,63291.4,63444.1
5,63450,63498.5,63495.1,63495.8,63652.7
8,63720,63702.8,63700,63700.3,63861.4
7,63950,63907.2,63905,63904.8,64070.1
10,64130,64111.5,64109.9,64109.3,64278.8
9,64270,64315.8,64314.8,64313.8,64487.5
11,64430,64520.2,64519.7,64518.3,64696.2
12,64730,64724.5,64724.6,64722.8,64904.9
4,64970,64928.8,64929.5,64927.2,65113.6
2,65170,65133.2,65134.4,65131.7,65322.3
3,65380,65337.5,65339.4,65336.2,65531
6,65530,65541.9,65544.3,65540.7,65739.7
1,65810,65746.2,65749.2,65745.2,65948.4
8,65970,65950.5,65954.1,65949.7,66157.1
5,66100,66154.9,66159,66154.2,66365.8
10,66360,66359.2,66363.9,66358.6,66574.5
7,66610,66563.5,66568.9,66563.1,66783.2
11,66700,66767.9,66773.8,66767.6,66991.9
9,66940,66972.2,66978.7,66972.1,67200.6
12,67210,67176.6,67183.6,67176.6,67409.3
4,67620,67649,67643.2,67648.5,67826.7
3,67830,67854,67848.3,67853.5,68035.4
2,68070,68058.9,68053.4,68058.4,68244.1
1,68310,68263.9,68258.5,68263.4,68452.8
6,68460,68468.9,68463.6,68468.4,68661.5
5,68710,68673.8,68668.7,68673.4,68870.2
8,68940,68878.8,68873.8,68878.4,69078.9
7,69110,69083.7,69078.8,69083.4,69287.6
10,69310,69288.7,69283.9,69288.4,69496.3
9,69430,69493.6,69489,69493.4,69705
11,69600,69698.6,69694.1,69698.4,69913.7
12,69900,69903.5,69899.2,69903.3,70122.4
3,70100,70108.5,70104.3,70108.3,70331.1
4,70290,70313.4,70309.4,70313.3,70539.8
2,70470,70518.4,70514.5,70518.3,70748.5
6,70690,70723.3,70719.6,70723.3,70957.2
1,70980,70928.3,70924.7,70928.3,71165.9
8,71180,71133.2,71129.8,71133.3,71374.6
5,71380,71338.2,71334.8,71338.3,71583.3
10,71550,71543.1,71539.9,71543.2,71792
7,71740,71748.1,71745,71748.2,72000.7
11,71920,71953,71950.1,71953.2,72209.3
9,72130,72158,72155.2,72158.2,72418
12,72420,72363,72360.3,72363.2,72626.7
4,72820,72828.2,72819,72823.8,73044.1
3,73020,73033.1,73024.2,73028.9,73252.8
6,73200,73238,73229.4,73234,73461.5
2,73440,73442.9,73434.7,73439.1,73670.2
8,73650,73647.8,73639.9,73644.2,73878.9
1,73900,73852.7,73845.2,73849.3,74087.6
10,74050,74057.6,74050.4,74054.4,74296.3
5,74280,74262.5,74255.7,74259.5,74505
7,74470,74467.4,74460.9,74464.6,74713.7
9,74600,74672.3,74666.1,74669.7,74922.4
11,74800,74877.2,74871.4,74874.8,75131.1
12,75060,75082.1,75076.6,75079.9,75339.8
4,75330,75287,75281.9,75285.1,75548.5
6,75470,75491.9,75487.1,75490.2,75757.2
3,75750,75696.8,75692.3,75695.3,75965.9
8,75890,75901.7,75897.6,75900.4,76174.6
2,76150,76106.6,76102.8,76105.5,76383.3
10,76350,76311.5,76308.1,76310.6,76592
1,76570,76516.4,76513.3,76515.7,76800.7
7,76750,76721.3,76718.6,76720.8,77009.4
5,76900,76926.2,76923.8,76925.9,77218.1
11,77090,77131.1,77129,77131,77426.8
9,77300,77336,77334.3,77336.1,77635.5
12,77540,77540.9,77539.5,77541.2,77844.2
6,77960,78008.3,78000.9,78004.1,78261.6
4,78180,78213.7,78206.4,78209.8,78470.3
3,78450,78419.1,78411.9,78415.4,78679
2,78680,78624.5,78617.4,78621.1,78887.7
8,78860,78829.9,78822.9,78826.7,79096.4
1,79080,79035.2,79028.4,79032.4,79305.1
10,79280,79240.6,79233.8,79238.1,79513.8
5,79440,79446,79439.3,79443.7,79722.5
7,79650,79651.4,79644.8,79649.4,79931.2
9,79810,79856.8,79850.3,79855,80139.9
11,79980,80062.2,80055.8,80060.7,80348.6
12,80230,80267.5,80261.2,80266.3,80557.3
6,80420,80472.9,80466.7,80472,80765.9
3,80690,80678.3,80672.2,80677.7,80974.6
4,80870,80883.7,80877.7,80883.3,81183.3
8,81040,81089.1,81083.2,81089,81392
2,81290,81294.4,81288.7,81294.6,81600.7
10,81540,81499.8,81494.1,81500.3,81809.4
1,81740,81705.2,81699.6,81705.9,82018.1
7,81970,81910.6,81905.1,81911.6,82226.8
5,82100,82116,82110.6,82117.2,82435.5
11,82310,82321.3,82316.1,82322.9,82644.2
9,82550,82526.7,82521.6,82528.6,82852.9
12,82740,82732.1,82727,82734.2,83061.6
3,83240,83202.8,83195.3,83205.8,83479
6,83380,83409,83401.3,83411.7,83687.7
4,83590,83615.1,83607.2,83617.6,83896.4
2,83810,83821.3,83813.2,83823.5,84105.1
8,84040,84027.4,84019.1,84029.4,84313.8
1,84270,84233.6,84225,84235.3,84522.5
10,84460,84439.8,84431,84441.2,84731.2
5,84650,84645.9,84636.9,84647.1,84939.9
7,84840,84852.1,84842.8,84853.1,85148.6
9,85040,85058.3,85048.8,85059,85357.3
11,85180,85264.4,85254.7,85264.9,85566
12,85450,85470.6,85460.7,85470.8,85774.7
3,85730,85676.7,85666.6,85676.7,85983.4
4,85910,85882.9,85872.5,85882.6,86192.1
6,86100,86089.1,86078.5,86088.5,86400.8
8,86290,86295.2,86284.4,86294.4,86609.5
2,86500,86501.4,86490.3,86500.4,86818.2
10,86670,86707.5,86696.3,86706.3,87026.9
1,86960,86913.7,86902.2,86912.2,87235.6
7,87120,87119.9,87108.2,87118.1,87444.3
5,87340,87326,87314.1,87324,87653
11,87480,87532.2,87520,87529.9,87861.7
9,87750,87738.4,87726,87735.8,88070.4
12,87970,87944.5,87931.9,87941.7,88279.1
4,88390,88411.8,88395,88405.5,88696.5
3,88620,88617.2,88601.2,88611.4,88905.2
8,88810,88822.5,88807.4,88817.3,89113.8
6,89040,89027.9,89013.5,89023.2,89322.5
10,89290,89233.3,89219.7,89229.1,89531.2
2,89470,89438.7,89425.9,89435,89739.9
7,89660,89644,89632.1,89640.9,89948.6
1,89850,89849.4,89838.2,89846.8,90157.3
11,90000,90054.8,90044.4,90052.7,90366
5,90220,90260.2,90250.6,90258.6,90574.7
9,90420,90465.5,90456.7,90464.5,90783.4
12,90660,90670.9,90662.9,90670.4,90992.1
3,90940,90876.3,90869.1,90876.3,91200.8
4,91100,91081.7,91075.3,91082.2,91409.5
8,91240,91287,91281.4,91288.1,91618.2
10,91480,91492.4,91487.6,91494,91826.9
6,91720,91697.8,91693.8,91699.9,92035.6
7,91920,91903.1,91900,91905.8,92244.3
2,92140,92108.5,92106.1,92111.7,92453
11,92290,92313.9,92312.3,92317.5,92661.7
1,92540,92519.3,92518.5,92523.4,92870.4
9,92730,92724.6,92724.6,92729.3,93079.1
5,92880,92930,92930.8,92935.2,93287.8
12,93150,93135.4,93137,93141.1,93496.5
3,93680,93611.6,93598.2,93609.5,93913.9
8,93870,93817.1,93804.5,93815.4,94122.6
4,93980,94022.6,94010.8,94021.2,94331.3
6,94240,94228.1,94217.2,94227.1,94540
10,94460,94433.6,94423.5,94433,94748.7
2,94640,94639.2,94629.8,94638.9,94957.4
7,94840,94844.7,94836.1,94844.7,95166.1
1,95050,95050.2,95042.5,95050.6,95374.8
11,95180,95255.7,95248.8,95256.5,95583.5
5,95390,95461.2,95455.1,95462.4,95792.2
9,95600,95666.8,95661.4,95668.3,96000.9
12,95870,95872.3,95867.8,95874.1,96209.6
8,96090,96077.8,96074.1,96080,96418.3
3,96380,96283.3,96280.4,96285.9,96627
4,96520,96488.8,96486.8,96491.8,96835.7
10,96720,96694.4,96693.1,96697.7,97044.4
6,96930,96899.9,96899.4,96903.5,97253.1
7,97100,97105.4,97105.7,97109.4,97461.8
2,97320,97310.9,97312.1,97315.3,97670.4
11,97490,97516.4,97518.4,97521.2,97879.1
1,97750,97722,97724.7,97727.1,98087.8
9,97890,97927.5,97931,97932.9,98296.5
5,98090,98133,98137.4,98138.8,98505.2
12,98370,98338.5,98343.7,98344.7,98713.9
8,98790,98809.9,98800.4,98810.4,99131.3
4,99020,99015.6,99006.8,99016.1,99340
3,99250,99221.3,99213.2,99221.8,99548.7
6,99430,99427,99419.5,99427.5,99757.4
10,99670,99632.8,99625.9,99633.2,99966.1
2,99860,99838.5,99832.3,99838.9,100175
7,100060,100044,100039,100045,100384
1,100270,100250,100245,100250,100592
11,100380,100456,100451,100456,100801
5,100600,100661,100658,100662,101010
9,100790,100867,100864,100867,101218
12,101010,101073,101070,101073,101427
4,101330,101279,101277,101279,101636
8,101470,101484,101483,101484,101844
3,101780,101690,101690,101690,102053
10,101910,101896,101896,101896,102262
6,102140,102102,102102,102101,102470
7,102320,102307,102309,102307,102679
2,102560,102513,102515,102513,102888
11,102680,102719,102721,102719,103097
1,102950,102924,102928,102924,103305
9,103100,103130,103134,103130,103514
5,103310,103336,103341,103336,103723
12,103540,103542,103547,103541,103931
8,103990,104013,103999,104007,104349
4,104250,104218,104205,104212,104557
10,104480,104423,104411,104418,104766
3,104680,104628,104618,104623,104975
7,104850,104833,104824,104829,105184
6,105060,105037,105030,105034,105392
11,105180,105242,105236,105240,105601
2,105400,105447,105443,105445,105810
9,105570,105652,105649,105651,106018
1,105840,105857,105855,105856,106227
5,106050,106062,106061,106062,106436
12,106290,106267,106267,106267,106644
8,106440,106472,106474,106473,106853
10,106680,106677,106680,106678,107062
4,106920,106882,106886,106884,107271
7,107130,107087,107092,107089,107479
3,107380,107292,107299,107295,107688
11,107460,107497,107505,107500,107897
6,107720,107702,107711,107706,108105
9,107840,107907,107917,107911,108314
2,108080,108112,108123,108117,108523
5,108280,108317,108330,108322,108731
1,108560,108521,108536,108528,108940
12,108750,108726,108742,108733,109149
10,109220,109200,109193,109191,109566
8,109420,109405,109399,109397,109775
4,109630,109610,109605,109603,109984
3,109870,109815,109811,109809,110192
7,110050,110021,110017,110015,110401
6,110230,110226,110223,110221,110610
11,110390,110431,110429,110427,110818
2,110620,110636,110635,110633,111027
9,110750,110841,110841,110839,111236
1,111040,111046,111047,111045,111444
5,111220,111252,111253,111251,111653
12,111440,111457,111459,111457,111862
10,111650,111662,111665,111663,112071
4,111840,111867,111871,111869,112279
8,112030,112072,112077,112075,112488
7,112350,112278,112283,112281,112697
3,112590,112483,112489,112487,112905
11,112680,112688,112696,112693,113114
6,112890,112893,112902,112899,113323
9,113080,113098,113108,113105,113531
2,113300,113303,113314,113311,113740
5,113470,113509,113520,113517,113949
1,113770,113714,113726,113723,114158
12,113910,113919,113932,113929,114366
4,114390,114395,114397,114408,114784
10,114620,114602,114604,114614,114992
8,114780,114810,114810,114820,115201
3,115040,115017,115016,115026,115410
7,115260,115224,115223,115232,115618
6,115440,115431,115429,115439,115827
11,115620,115638,115636,115645,116036
2,115820,115845,115842,115851,116245
9,115990,116052,116049,116057,116453
1,116260,116259,116255,116263,116662
5,116430,116467,116461,116469,116871
12,116600,116674,116668,116675,117079
4,116880,116881,116874,116881,117288
8,117120,117088,117081,117087,117497
10,117320,117295,117287,117293,117705
7,117590,117502,117493,117499,117914
3,117780,117709,117700,117705,118123
11,117930,117916,117906,117911,118332
6,118140,118124,118113,118117,118540
9,118330,118331,118319,118323,118749
2,118560,118538,118526,118529,118958
5,118690,118745,118732,118735,119166
1,118990,118952,118938,118942,119375
12,119090,119159,119145,119148,119584
8,119590,119612,119599,119601,120001
4,119750,119817,119805,119808,120210
7,120060,120023,120012,120014,120418
10,120260,120229,120218,120220,120627
11,120430,120434,120424,120426,120836
3,120620,120640,120631,120632,121045
9,120820,120846,120837,120838,121253
6,121010,121051,121044,121044,121462
5,121280,121257,121250,121250,121671
2,121460,121463,121456,121456,121879
1,121700,121668,121663,121663,122088
12,121890,121874,121869,121869,122297
4,122070,122080,122076,122075,122505
8,122200,122285,122282,122281,122714
7,122480,122491,122489,122487,122923
11,122660,122697,122695,122693,123132
10,122880,122902,122901,122899,123340
9,123070,123108,123108,123105,123549
3,123370,123314,123314,123311,123758
5,123500,123519,123521,123517,123966
6,123720,123725,123727,123724,124175
1,123960,123931,123933,123930,124384
2,124160,124137,124140,124136,124592
12,124380,124342,124346,124342,124801
4,124800,124811,124809,124819,125219
7,125040,125018,125016,125025,125427
8,125270,125225,125223,125232,125636
10,125470,125432,125430,125438,125845
11,125630,125639,125636,125644,126053
3,125860,125846,125843,125851,126262
9,126030,126053,126050,126057,126471
6,126210,126261,126256,126263,126679
5,126440,126468,126463,126470,126888
2,126610,126675,126670,126676,127097
1,126900,126882,126876,126883,127305
12,127070,127089,127083,127089,127514
7,127280,127296,127290,127295,127723
4,127500,127503,127497,127502,127932
8,127720,127710,127703,127708,128140
11,127890,127917,127910,127914,128349
10,128120,128124,128117,128121,128558
9,128330,128331,128323,128327,128766
3,128590,128539,128530,128533,128975
5,128740,128746,128737,128740,129184
6,128940,128953,128944,128946,129392
1,129210,129160,129150,129152,129601
2,129380,129367,129357,129359,129810
12,129580,129574,129564,129565,130019
7,129980,130020,130020,130028,130436
8,130260,130228,130227,130234,130645
4,130370,130435,130434,130440,130853
10,130580,130642,130641,130646,131062
11,130760,130850,130847,130853,131271
3,131070,131057,131054,131059,131479
9,131290,131264,131261,131265,131688
6,131470,131472,131468,131471,131897
5,131700,131679,131675,131677,132106
2,131900,131886,131882,131883,132314
1,132140,132094,132089,132089,132523
12,132300,132301,132295,132295,132732
8,132520,132508,132502,132501,132940
7,132720,132716,132709,132707,133149
4,132900,132923,132916,132914,133358
11,133010,133130,133123,133120,133566
10,133250,133338,133330,133326,133775
9,133540,133545,133537,133532,133984
3,133840,133752,133744,133738,134193
5,133970,133960,133950,133944,134401
6,134180,134167,134157,134150,134610
1,134420,134374,134364,134356,134819
2,134600,134582,134571,134562,135027
12,134790,134789,134778,134769,135236
7,135250,135237,135230,135234,135653
8,135500,135443,135437,135441,135862
11,135630,135650,135644,135647,136071
4,135740,135856,135850,135853,136279
9,136010,136062,136057,136059,136488
10,136260,136269,136264,136266,136697
5,136510,136475,136471,136472,136906
3,136710,136682,136678,136678,137114
1,136980,136888,136884,136884,137323
6,137090,137094,137091,137091,137532
2,137300,137301,137298,137297,137740
12,137490,137507,137505,137503,137949
7,137720,137713,137712,137709,138158
11,137880,137920,137918,137916,138366
8,138010,138126,138125,138122,138575
9,138330,138333,138332,138328,138784
4,138440,138539,138539,138534,138993
5,138670,138745,138746,138741,139201
10,138950,138952,138953,138947,139410
1,139230,139158,139159,139153,139619
3,139450,139364,139366,139359,139827
2,139620,139571,139573,139566,140036
6,139800,139777,139780,139772,140245
12,139980,139984,139987,139978,140453
11,140470,140439,140441,140441,140871
7,140630,140646,140648,140648,141080
8,140850,140853,140855,140855,141288
4,141060,141060,141062,141062,141497
9,141270,141267,141268,141268,141706
10,141480,141474,141475,141475,141914
5,141640,141682,141682,141682,142123
3,141920,141889,141889,141889,142332
1,142130,142096,142096,142096,142540
6,142270,142303,142303,142302,142749
2,142500,142510,142509,142509,142958
12,142700,142717,142716,142716,143167
11,142860,142924,142923,142923,143375
8,143130,143131,143130,143129,143584
7,143310,143338,143337,143336,143793
9,143550,143545,143544,143543,144001
4,143720,143753,143751,143750,144210
5,143940,143960,143957,143956,144419
10,144150,144167,144164,144163,144627
1,144400,144374,144371,144370,144836
3,144650,144581,144578,144577,145045
2,144810,144788,144785,144783,145253
6,145020,144995,144992,144990,145462
12,145200,145202,145199,145197,145671
8,145670,145658,145663,145673,146088
11,145850,145867,145871,145880,146297
7,146070,146075,146078,146087,146506
4,146320,146283,146285,146294,146714
9,146480,146492,146492,146501,146923
10,146710,146700,146700,146708,147132
5,146860,146908,146907,146915,147340
3,147160,147117,147114,147122,147549
1,147360,147325,147321,147329,147758
6,147500,147534,147529,147536,147967
2,147690,147742,147736,147743,148175
12,147970,147950,147943,147950,148384
8,148090,148159,148151,148157,148593
7,148340,148367,148358,148364,148801
11,148510,148575,148565,148571,149010
9,148790,148784,148772,148778,149219
4,148990,148992,148980,148985,149427
5,149200,149200,149187,149192,149636
10,149420,149409,149394,149399,149845
1,149730,149617,149601,149606,150054
3,149860,149826,149809,149813,150262
2,150030,150034,150016,150020,150471
6,150250,150242,150223,150227,150680
12,150430,150451,150430,150434,150888
7,150890,150897,150889,150904,151306
8,151100,151104,151097,151111,151514
9,151320,151312,151304,151317,151723
11,151460,151519,151512,151524,151932
5,151760,151726,151719,151730,152141
4,151920,151933,151926,151936,152349
1,152190,152141,152134,152143,152558
10,152420,152348,152341,152349,152767
2,152510,152555,152549,152556,152975
3,152780,152762,152756,152762,153184
6,152940,152970,152963,152968,153393
12,153130,153177,153171,153175,153601
8,153310,153384,153378,153381,153810
7,153590,153591,153586,153588,154019
9,153790,153799,153793,153794,154227
5,154030,154006,154001,154000,154436
11,154190,154213,154208,154207,154645
1,154380,154420,154415,154413,154854
4,154650,154628,154623,154619,155062
2,154820,154835,154830,154826,155271
10,155060,155042,155038,155032,155480
6,155240,155249,155245,155239,155688
3,155520,155457,155452,155445,155897
12,155670,155664,155660,155651,156106
8,156080,156110,156105,156110,156523
9,156300,156316,156313,156316,156732
7,156530,156523,156520,156522,156941
11,156730,156729,156727,156728,157149
5,156950,156936,156934,156935,157358
4,157140,157142,157141,157141,157567
1,157370,157349,157348,157347,157775
10,157600,157555,157556,157553,157984
2,157750,157761,157763,157760,158193
3,157970,157968,157970,157966,158401
6,158160,158174,158177,158172,158610
12,158370,158381,158384,158379,158819
9,158580,158587,158591,158585,159028
8,158670,158794,158798,158791,159236
7,159010,159000,159006,158997,159445
5,159210,159207,159213,159204,159654
11,159420,159413,159420,159410,159862
1,159650,159620,159627,159616,160071
4,159770,159826,159834,159822,160280
2,160020,160033,160041,160029,160488
10,160250,160239,160248,160235,160697
6,160440,160446,160456,160441,160906
3,160730,160652,160663,160648,161115
12,160860,160858,160870,160854,161323
9,161310,161317,161321,161324,161741
7,161560,161524,161528,161531,161949
8,161770,161732,161735,161737,162158
11,161930,161939,161942,161944,162367
5,162120,162146,162149,162151,162575
4,162350,162353,162356,162357,162784
1,162580,162560,162563,162564,162993
10,162800,162767,162771,162771,163201
2,162930,162974,162978,162977,163410
3,163230,163181,163185,163184,163619
6,163400,163388,163392,163390,163828
12,163580,163595,163599,163597,164036
7,163810,163803,163806,163804,164245
9,164050,164010,164013,164010,164454
8,164120,164217,164220,164217,164662
5,164410,164424,164427,164424,164871
11,164620,164631,164634,164630,165080
1,164870,164838,164841,164837,165288
4,164970,165045,165048,165044,165497
2,165240,165252,165255,165250,165706
10,165410,165459,165462,165457,165915
6,165650,165666,165669,165663,166123
3,165970,165873,165876,165870,166332
12,166130,166081,166083,166077,166541
9,166520,166539,166539,166542,166958
7,166760,166746,166746,166749,167167
5,166980,166953,166953,166956,167375
8,167220,167160,167160,167163,167584
1,167400,167367,167367,167370,167793
11,167540,167575,167575,167577,168002
2,167760,167782,167782,167784,168210
4,167950,167989,167989,167991,168419
6,168160,168196,168196,168198,168628
10,168380,168403,168403,168405,168836
3,168620,168610,168610,168612,169045
12,168800,168817,168817,168819,169254
9,169040,169024,169024,169026,169462
5,169280,169231,169231,169233,169671
7,169440,169439,169438,169440,169880
1,169700,169646,169645,169647,170088
8,169870,169853,169853,169854,170297
2,170100,170060,170060,170061,170506
11,170240,170267,170267,170268,170715
6,170450,170474,170474,170475,170923
4,170610,170681,170681,170682,171132
3,170920,170888,170888,170889,171341
10,171070,171095,171095,171096,171549
12,171320,171303,171302,171302,171758
5,171800,171771,171766,171775,172175
9,171990,171979,171974,171983,172384
7,172240,172186,172181,172190,172593
8,172460,172393,172388,172397,172802
1,172660,172601,172596,172604,173010
11,172780,172808,172803,172812,173219
2,173010,173015,173010,173019,173428
4,173170,173222,173218,173226,173636
6,173400,173430,173425,173434,173845
10,173620,173637,173633,173641,174054
3,173810,173844,173840,173848,174262
12,173980,174051,174047,174056,174471
5,174270,174259,174255,174263,174680
7,174490,174466,174462,174470,174889
9,174700,174673,174669,174677,175097
1,174950,174881,174877,174885,175306
8,175070,175088,175084,175092,175515
2,175320,175295,175291,175299,175723
11,175530,175502,175499,175507,175932
6,175720,175710,175706,175714,176141
4,175890,175917,175913,175921,176349
3,176130,176124,176121,176128,176558
10,176290,176331,176328,176336,176767
12,176540,176539,176535,176543,176976
7,177000,177006,177000,177011,177393
5,177220,177214,177208,177219,177602
9,177400,177421,177415,177426,177810
8,177700,177629,177623,177633,178019
1,177930,177836,177831,177841,178228
11,178030,178044,178038,178048,178436
2,178220,178252,178246,178255,178645
4,178480,178459,178453,178463,178854
6,178680,178667,178661,178670,179062
10,178850,178874,178869,178877,179271
3,179070,179082,179076,179085,179480
12,179250,179289,179284,179292,179689
7,179480,179497,179492,179500,179897
9,179680,179705,179699,179707,180106
5,179920,179912,179907,179914,180315
1,180200,180120,180114,180122,180523
8,180340,180327,180322,180329,180732
2,180540,180535,180530,180536,180941
11,180650,180742,180737,180744,181149
6,180910,180950,180945,180951,181358
4,181160,181157,181153,181158,181567
3,181450,181365,181360,181366,181776
10,181560,181573,181568,181573,181984
12,181780,181780,181775,181780,182193
9,182200,182246,182239,182249,182610
7,182460,182454,182447,182457,182819
1,182710,182662,182655,182664,183028
5,182930,182869,182862,182872,183236
2,183120,183077,183070,183079,183445
8,183370,183285,183278,183287,183654
6,183520,183492,183486,183495,183863
11,183630,183700,183694,183702,184071
4,183830,183908,183902,183910,184280
10,184090,184115,184110,184117,184489
3,184280,184323,184317,184325,184697
12,184480,184531,184525,184532,184906
7,184730,184738,184733,184740,185115
9,184930,184946,184941,184948,185323
1,185200,185154,185149,185155,185532
2,185420,185361,185357,185363,185741
5,185540,185569,185565,185570,185950
6,185740,185777,185773,185778,186158
8,185970,185984,185980,185986,186367
4,186330,186192,186188,186193,186576
11,186380,186400,186396,186401,186784
3,186650,186607,186604,186608,186993
10,186780,186815,186812,186816,187202
12,186980,187023,187020,187023,187410
7,187450,187474,187484,187491,187828
1,187720,187684,187692,187699,188036
9,187880,187894,187901,187908,188245
5,188050,188104,188109,188116,188454
2,188280,188314,188317,188324,188663
8,188520,188524,188526,188532,188871
6,188690,188734,188734,188740,189080
11,188900,188944,188942,188948,189289
4,189350,189153,189151,189156,189497
10,189390,189363,189359,189364,189706
3,189570,189573,189567,189572,189915
12,189730,189783,189775,189780,190123
1,189960,189993,189984,189988,190332
7,190160,190203,190192,190196,190541
9,190380,190413,190400,190404,190750
2,190590,190623,190609,190612,190958
5,190720,190833,190817,190820,191167
6,190950,191042,191025,191029,191376
8,191140,191252,191234,191237,191584
11,191620,191462,191442,191445,191793
4,191730,191672,191650,191653,192002
3,191980,191882,191859,191861,192210
10,192150,192092,192067,192069,192419
12,192310,192302,192275,192277,192628
1,192730,192738,192742,192746,193045
9,192920,192948,192950,192955,193254
7,193110,193158,193159,193164,193463
5,193300,193369,193368,193373,193671
2,193530,193579,193577,193582,193880
8,193770,193789,193786,193791,194089
6,193920,193999,193995,194000,194297
11,194080,194210,194203,194209,194506
4,194650,194420,194412,194418,194715
10,194780,194630,194621,194627,194924
3,194840,194841,194830,194836,195132
12,195080,195051,195039,195045,195341
9,195220,195261,195248,195254,195550
1,195460,195471,195456,195463,195758
7,195650,195682,195665,195672,195967
2,195840,195892,195874,195881,196176
5,196050,196102,196083,196089,196384
6,196240,196313,196292,196298,196593
8,196370,196523,196500,196507,196802
11,196850,196733,196709,196716,197010
4,197010,196943,196918,196925,197219
3,197160,197154,197127,197134,197428
10,197410,197364,197336,197343,197637
12,197610,197574,197545,197552,197845
1,198020,198035,198019,198046,198263
9,198220,198244,198228,198254,198471
2,198440,198453,198437,198462,198680
7,198670,198662,198647,198671,198889
6,198870,198871,198856,198879,199097
5,199070,199080,199065,199088,199306
4,199570,199289,199275,199296,199515
8,199580,199498,199484,199504,199724
11,199650,199707,199694,199713,199932
10,199870,199916,199903,199921,200141
3,200060,200125,200112,200130,200350
12,200270,200335,200322,200338,200558
1,200520,200544,200531,200546,200767
2,200700,200753,200740,200755,200976
9,200920,200962,200950,200963,201184
6,201150,201171,201159,201171,201393
7,201360,201380,201369,201380,201602
4,201860,201589,201578,201588,201811
11,201940,201798,201787,201797,202019
5,201980,202007,201997,202005,202228
8,202100,202216,202206,202213,202437
3,202440,202425,202415,202422,202645
10,202580,202634,202625,202630,202854
12,202770,202843,202834,202838,203063
2,203320,203291,203279,203295,203480
1,203520,203499,203489,203502,203689
9,203710,203706,203698,203709,203897
7,203950,203914,203907,203916,204106
6,204100,204122,204116,204124,204315
5,204360,204330,204325,204331,204524
8,204630,204537,204534,204538,204732
4,204690,204745,204743,204745,204941
11,204820,204953,204952,204953,205150
10,205100,205160,205161,205160,205358
3,205320,205368,205370,205367,205567
12,205440,205576,205579,205574,205776
2,205730,205783,205788,205782,205984
9,206000,205991,205997,205989,206193
1,206220,206199,206206,206196,206402
6,206400,206406,206415,206403,206611
7,206590,206614,206624,206610,206819
4,207090,206822,206833,206818,207028
5,207210,207029,207042,207025,207237
8,207280,207237,207251,207232,207445
11,207300,207445,207460,207439,207654
3,207710,207653,207669,207647,207863
10,207780,207860,207878,207854,208071
12,208000,208068,208087,208061,208280
9,208530,208529,208526,208532,208698
2,208710,208736,208734,208739,208906
1,208940,208943,208943,208946,209115
7,209150,209150,209151,209153,209324
6,209350,209358,209360,209360,209532
5,209620,209565,209568,209567,209741
8,209930,209772,209777,209774,209950
4,210020,209979,209985,209981,210158
11,210070,210186,210194,210188,210367
10,210350,210393,210402,210396,210576
3,210610,210600,210611,210603,210785
12,210720,210808,210819,210810,210993
9,211010,211015,211028,211017,211202
1,211260,211222,211236,211224,211411
2,211410,211429,211444,211431,211619
6,211640,211636,211653,211638,211828
7,211850,211843,211861,211845,212037
4,212210,212050,212070,212052,212245
5,212390,212258,212278,212260,212454
11,212390,212465,212487,212467,212663
8,212540,212672,212695,212674,212871
3,212890,212879,212904,212881,213080
10,213040,213086,213112,213088,213289
12,213290,213293,213321,213295,213498
1,213800,213768,213760,213767,213915
9,214030,213974,213968,213974,214124
6,214160,214180,214176,214180,214332
2,214360,214386,214384,214387,214541
4,214670,214592,214592,214593,214750
7,214750,214798,214799,214800,214958
11,214890,215004,215007,215007,215167
5,215390,215210,215215,215213,215376
3,215410,215416,215423,215420,215585
8,215600,215622,215631,215626,215793
10,215760,215828,215839,215833,216002
12,216000,216034,216046,216039,216211
9,216250,216240,216254,216246,216419
1,216540,216446,216462,216452,216628
6,216750,216652,216670,216659,216837
4,216990,216858,216878,216865,217045
2,217070,217064,217086,217072,217254
11,217220,217270,217294,217278,217463
7,217470,217475,217501,217485,217672
3,217660,217681,217709,217692,217880
5,218040,217887,217917,217898,218089
10,218040,218093,218125,218105,218298
8,218110,218299,218333,218311,218506
12,218460,218505,218541,218518,218715
9,218980,218995,218977,218982,219132
6,219220,219199,219184,219187,219341
1,219500,219403,219391,219393,219550
2,219650,219607,219598,219599,219759
4,219930,219811,219805,219805,219967
7,220040,220015,220012,220011,220176
11,220150,220218,220219,220217,220385
3,220420,220422,220426,220423,220593
5,220640,220626,220633,220629,220802
10,220800,220830,220840,220834,221011
8,221000,221034,221047,221040,221219
12,221180,221238,221254,221246,221428
6,221480,221442,221461,221452,221637
9,221670,221645,221668,221658,221845
1,221910,221849,221875,221864,222054
4,222180,222053,222082,222070,222263
2,222370,222257,222289,222276,222472
11,222540,222461,222496,222482,222680
3,222730,222665,222703,222687,222889
7,222730,222868,222910,222893,223098
5,223090,223072,223117,223099,223306
10,223210,223276,223324,223305,223515
8,223270,223480,223531,223511,223724
12,223690,223684,223738,223717,223932
6,224210,224187,224179,224178,224350
1,224480,224391,224385,224384,224559
9,224640,224595,224592,224590,224767
2,224850,224799,224798,224796,224976
4,225090,225004,225004,225001,225185
7,225330,225208,225211,225207,225393
11,225400,225412,225417,225413,225602
5,225640,225616,225623,225619,225811
3,225750,225820,225830,225825,226019
8,225800,226025,226036,226030,226228
10,226180,226229,226242,226236,226437
12,226350,226433,226449,226442,226646
1,226690,226637,226655,226648,226854
6,226850,226841,226861,226854,227063
9,227090,227045,227068,227060,227272
4,227380,227250,227274,227265,227480
2,227560,227454,227480,227471,227689
11,227670,227658,227687,227677,227898
7,227870,227862,227893,227883,228106
3,228140,228066,228099,228089,228315
5,228330,228270,228306,228294,228524
10,228410,228475,228512,228500,228733
8,228530,228679,228718,228706,228941
12,228840,228883,228925,228912,229150
6,229360,229380,229378,229380,229567
1,229620,229586,229584,229586,229776
4,229880,229791,229790,229792,229985
9,230060,229997,229996,229998,230193
11,230200,230202,230203,230204,230402
2,230390,230407,230409,230410,230611
3,230650,230613,230615,230616,230819
7,230830,230818,230821,230822,231028
10,230860,231024,231027,231028,231237
5,231160,231229,231233,231234,231446
8,231440,231435,231440,231439,231654
12,231630,231640,231646,231645,231863
6,231880,231845,231852,231851,232072
4,232140,232051,232058,232057,232280
1,232370,232256,232264,232263,232489
11,232450,232462,232470,232469,232698
9,232700,232667,232676,232675,232906
3,232930,232873,232883,232881,233115
2,233130,233078,233089,233087,233324
10,233220,233284,233295,233293,233533
7,233450,233489,233501,233499,233741
8,233630,233694,233707,233705,233950
5,233870,233900,233913,233910,234159
12,234110,234105,234120,234116,234367
4,234710,234587,234577,234574,234785
6,234770,234793,234783,234780,234993
1,235060,234998,234989,234987,235202
9,235230,235204,235196,235193,235411
11,235340,235409,235402,235400,235620
2,235550,235614,235608,235607,235828
3,235800,235820,235814,235813,236037
7,235930,236025,236020,236020,236246
10,236150,236230,236226,236226,236454
5,236380,236436,236433,236433,236663
8,236600,236641,236639,236640,236872
12,236840,236847,236845,236846,237080
4,237120,237052,237051,237053,237289
1,237380,237257,237257,237259,237498
6,237490,237463,237463,237466,237706
11,237670,237668,237670,237673,237915
9,237890,237874,237876,237879,238124
3,238170,238079,238082,238086,238333
2,238370,238284,238288,238293,238541
10,238450,238490,238494,238499,238750
7,238670,238695,238700,238706,238959
8,238850,238901,238907,238912,239167
5,239060,239106,239113,239119,239376
12,239310,239311,239319,239326,239585
1,239860,239804,239795,239812,240002
4,240100,240011,240002,240019,240211
6,240220,240218,240209,240225,240420
9,240430,240425,240415,240432,240628
11,240570,240632,240622,240638,240837
2,240820,240839,240829,240845,241046
3,241070,241046,241036,241051,241254
7,241200,241253,241242,241258,241463
10,241440,241460,241449,241465,241672
5,241640,241667,241656,241671,241880
8,241920,241874,241863,241878,242089
12,242040,242081,242070,242084,242298
1,242320,242288,242276,242291,242507
6,242460,242495,242483,242497,242715
4,242690,242702,242690,242704,242924
11,242860,242909,242897,242910,243133
9,243130,243116,243103,243117,243341
3,243410,243323,243310,243324,243550
2,243560,243530,243517,243530,243759
10,243770,243737,243724,243737,243967
7,243930,243944,243930,243943,244176
8,244170,244151,244137,244150,244385
5,244320,244358,244344,244356,244594
12,244570,244565,244551,244563,244802
6,245040,245032,245008,245019,245220
1,245300,245238,245215,245225,245428
11,245400,245443,245421,245431,245637
4,245540,245648,245628,245637,245846
3,245870,245853,245835,245842,246054
9,246050,246058,246042,246048,246263
10,246260,246263,246248,246254,246472
2,246500,246468,246455,246460,246680
7,246610,246673,246662,246666,246889
5,246820,246878,246869,246872,247098
8,247150,247083,247075,247078,247307
12,247290,247288,247282,247284,247515
1,247530,247493,247489,247490,247724
6,247710,247698,247695,247696,247933
11,247820,247903,247902,247901,248141
3,248170,248109,248109,248107,248350
4,248290,248314,248316,248313,248559
10,248480,248519,248522,248519,248767
9,248720,248724,248729,248725,248976
7,248930,248929,248936,248931,249185
2,249140,249134,249143,249137,249394
8,249330,249339,249349,249343,249602
5,249530,249544,249556,249549,249811
12,249800,249749,249763,249754,250020
1,250250,250226,250216,250219,250437
11,250380,250432,250423,250425,250646
6,250620,250637,250630,250632,250854
4,250830,250843,250836,250838,251063
3,251090,251049,251043,251044,251272
9,251230,251255,251250,251250,251481
10,251480,251460,251456,251457,251689
2,251650,251666,251663,251663,251898
7,251820,251872,251870,251869,252107
5,252050,252078,252076,252075,252315
8,252320,252284,252283,252281,252524
12,252510,252489,252489,252488,252733
11,252630,252695,252696,252694,252941
1,252920,252901,252903,252900,253150
6,253100,253107,253109,253106,253359
3,253390,253313,253316,253313,253568
4,253490,253518,253523,253519,253776
10,253740,253724,253729,253725,253985
9,253930,253930,253936,253931,254194
7,254210,254136,254143,254138,254402
2,254380,254342,254349,254344,254611
8,254490,254547,254556,254550,254820
5,254710,254753,254762,254756,255028
12,254960,254959,254969,254963,255237
11,255390,255431,255428,255427,255654
6,255600,255638,255635,255634,255863
1,255850,255845,255842,255841,256072
4,256010,256052,256049,256048,256281
3,256260,256259,256256,256255,256489
9,256440,256466,256462,256462,256698
10,256690,256672,256669,256669,256907
2,256880,256879,256876,256876,257115
7,257070,257086,257083,257083,257324
5,257270,257293,257289,257290,257533
8,257580,257500,257496,257497,257741
12,257730,257707,257703,257704,257950
6,257940,257913,257910,257911,258159
11,258090,258120,258116,258118,258368
1,258360,258327,258323,258325,258576
3,258560,258534,258530,258532,258785
4,258710,258741,258737,258739,258994
10,258920,258947,258943,258946,259202
9,259150,259154,259150,259153,259411
7,259410,259361,259357,259360,259620
2,259580,259568,259564,259567,259828
8,259720,259775,259771,259774,260037
5,259950,259982,259977,259981,260246
12,260220,260188,260184,260188,260455
11,260630,260666,260656,260668,260872
6,260860,260873,260863,260875,261081
3,261120,261081,261070,261082,261289
1,261330,261288,261277,261289,261498
10,261510,261495,261485,261497,261707
4,261610,261702,261692,261704,261915
7,261880,261910,261899,261911,262124
9,262070,262117,262106,262118,262333
8,262450,262324,262313,262325,262542
2,262570,262531,262521,262532,262750
5,262730,262739,262728,262739,262959
12,262920,262946,262935,262946,263168
11,263110,263153,263142,263153,263376
3,263390,263360,263350,263360,263585
6,263560,263568,263557,263567,263794
10,263800,263775,263764,263774,264002
1,264010,263982,263971,263981,264211
7,264200,264190,264179,264188,264420
4,264360,264397,264386,264396,264628
8,264600,264604,264593,264603,264837
9,264790,264811,264800,264810,265046
5,264990,265019,265007,265017,265255
2,265300,265226,265215,265224,265463
12,265400,265433,265422,265431,265672
3,265910,265897,265883,265889,266089
11,266040,266104,266090,266096,266298
6,266280,266311,266297,266303,266507
1,266550,266517,266505,266510,266715
10,266800,266724,266712,266717,266924
4,266910,266931,266920,266924,267133
7,267110,267137,267127,267131,267342
9,267290,267344,267334,267338,267550
8,267520,267551,267542,267546,267759
2,267720,267757,267749,267753,267968
5,267960,267964,267956,267960,268176
12,268180,268171,268164,268167,268385
3,268410,268377,268371,268374,268594
6,268590,268584,268578,268581,268802
11,268710,268791,268786,268788,269011
10,269030,268997,268993,268995,269220
1,269290,269204,269201,269202,269429
7,269410,269411,269408,269410,269637
4,269630,269617,269615,269617,269846
8,269800,269824,269823,269824,270055
9,269980,270031,270030,270031,270263
5,270200,270237,270237,270238,270472
2,270490,270444,270445,270445,270681
12,270680,270651,270652,270652,270889
6,271120,271132,271119,271130,271307
3,271330,271339,271326,271337,271515
11,271500,271546,271534,271545,271724
1,271860,271753,271741,271752,271933
10,272030,271960,271949,271959,272142
4,272250,272167,272157,272167,272350
7,272390,272374,272364,272374,272559
9,272530,272581,272572,272581,272768
8,272720,272788,272779,272789,272976
2,272930,272995,272987,272996,273185
5,273150,273202,273195,273203,273394
12,273370,273409,273402,273411,273602
6,273610,273616,273610,273618,273811
11,273850,273823,273818,273825,274020
3,274050,274030,274025,274032,274229
10,274250,274236,274233,274240,274437
1,274540,274443,274440,274447,274646
7,274660,274650,274648,274654,274855
4,274930,274857,274856,274862,275063
8,275020,275064,275063,275069,275272
9,275200,275271,275271,275276,275481
5,275440,275478,275478,275484,275689
2,275740,275685,275686,275691,275898
12,275870,275892,275894,275898,276107
11,276400,276362,276354,276358,276524
6,276580,276570,276562,276566,276733
10,276780,276777,276770,276773,276942
3,276950,276985,276978,276981,277150
7,277210,277192,277185,277189,277359
1,277430,277400,277393,277396,277568
8,277580,277607,277601,277604,277776
4,277770,277815,277809,277812,277985
5,277980,278022,278017,278019,278194
9,278160,278229,278224,278227,278403
2,278400,278437,278432,278435,278611
12,278640,278644,278640,278642,278820
6,278840,278852,278848,278850,279029
11,279050,279059,279055,279058,279237
10,279290,279267,279263,279265,279446
7,279480,279474,279471,279473,279655
3,279760,279682,279679,279681,279863
8,279900,279889,279886,279888,280072
1,280120,280097,280094,280096,280281
5,280300,280304,280302,280304,280489
4,280490,280512,280510,280511,280698
2,280720,280719,280717,280719,280907
9,280930,280927,280925,280927,281116
12,281150,281134,281133,281134,281324
6,281580,281608,281603,281609,281742
10,281800,281817,281812,281817,281950
11,281960,282025,282020,282026,282159
3,282280,282234,282228,282234,282368
7,282450,282443,282436,282443,282576
1,282660,282651,282644,282652,282785
8,282910,282860,282853,282860,282994
4,283080,283069,283061,283069,283203
5,283290,283277,283269,283277,283411
9,283480,283486,283477,283486,283620
2,283660,283695,283685,283694,283829
12,283880,283903,283894,283903,284037
10,284090,284112,284102,284111,284246
6,284300,284321,284310,284320,284455
11,284530,284529,284518,284528,284663
7,284730,284738,284727,284737,284872
3,284990,284947,284935,284946,285081
8,285170,285155,285143,285154,285290
1,285420,285364,285351,285363,285498
5,285580,285573,285559,285571,285707
4,285760,285781,285768,285780,285916
2,286010,285990,285976,285988,286124
9,286170,286198,286184,286197,286333
12,286390,286407,286392,286405,286542
10,286870,286881,286868,286895,286959
11,287050,287090,287077,287102,287168
6,287280,287299,287286,287310,287377
3,287530,287508,287495,287518,287585
7,287710,287717,287704,287726,287794
1,287940,287926,287912,287933,288003
8,288180,288135,288121,288141,288211
4,288360,288343,288330,288349,288420
5,288570,288552,288539,288557,288629
9,288760,288761,288748,288764,288837
2,289010,288970,288957,288972,289046
12,289150,289179,289165,289180,289255
11,289320,289388,289374,289388,289463
10,289580,289597,289583,289595,289672
6,289780,289806,289792,289803,289881
7,290010,290015,290001,290011,290090
3,290280,290224,290209,290219,290298
8,290460,290433,290418,290426,290507
1,290690,290642,290627,290634,290716
5,290830,290851,290836,290842,290924
4,291020,291060,291045,291050,291133
2,291280,291269,291254,291257,291342
9,291480,291478,291462,291465,291550
12,291670,291687,291671,291673,291759
10,292090,292128,292116,292127,292177
11,292260,292335,292324,292334,292385
7,292490,292543,292533,292540,292594
6,292710,292750,292741,292747,292803
8,293010,292957,292950,292954,293011
3,293210,293165,293158,293160,293220
5,293380,293372,293367,293367,293429
1,293590,293580,293575,293574,293637
4,293740,293787,293784,293780,293846
2,293950,293994,293992,293987,294055
9,294170,294202,294201,294194,294264
12,294400,294409,294409,294400,294472
10,294580,294617,294618,294607,294681
7,294810,294824,294826,294814,294890
11,294990,295031,295035,295020,295098
8,295210,295239,295243,295227,295307
6,295430,295446,295452,295434,295516
5,295630,295653,295660,295640,295724
3,295950,295861,295869,295847,295933
4,296060,296068,296077,296054,296142
1,296350,296276,296286,296261,296351
9,296490,296483,296494,296467,296559
2,296710,296690,296703,296674,296768
12,296880,296898,296911,296881,296977
7,297320,297352,297349,297350,297394
10,297530,297559,297557,297557,297603
11,297800,297766,297765,297763,297811
6,297990,297972,297973,297970,298020
8,298180,298179,298181,298177,298229
3,298420,298386,298389,298383,298437
5,298590,298593,298597,298590,298646
1,298800,298800,298804,298797,298855
4,298970,299006,299012,299003,299064
2,299180,299213,299220,299210,299272
9,299370,299420,299428,299417,299481
12,299570,299627,299636,299623,299690
7,299810,299834,299844,299830,299898
11,300040,300040,300052,300037,300107
10,300280,300247,300260,300243,300316
8,300420,300454,300468,300450,300524
6,300650,300661,300676,300657,300733
5,300880,300868,300883,300863,300942
3,301140,301074,301091,301070,301151
4,301260,301281,301299,301277,301359
1,301520,301488,301507,301483,301568
9,301710,301695,301715,301690,301777
2,301930,301902,301923,301897,301985
12,302080,302108,302131,302103,302194
11,302550,302561,302572,302566,302611
7,302770,302769,302779,302773,302820
10,302960,302977,302987,302980,303029
6,303140,303184,303194,303187,303238
8,303400,303392,303402,303394,303446
3,303660,303599,303609,303601,303655
5,303820,303807,303817,303808,303864
1,304030,304015,304024,304014,304072
4,304170,304222,304232,304221,304281
2,304390,304430,304439,304428,304490
9,304590,304638,304647,304635,304698
12,304790,304845,304854,304842,304907
11,305010,305053,305062,305049,305116
10,305240,305261,305269,305256,305325
7,305460,305468,305477,305463,305533
8,305700,305676,305684,305669,305742
6,305870,305883,305892,305876,305951
5,306160,306091,306099,306083,306159
3,306340,306299,306307,306290,306368
4,306480,306506,306514,306497,306577
1,306740,306714,306722,306704,306785
9,306940,306922,306929,306911,306994
2,307160,307129,307137,307118,307203
12,307320,307337,307344,307324,307411
10,307730,307793,307797,307799,307829
11,307950,308000,308005,308006,308038
8,308210,308208,308212,308213,308246
7,308460,308416,308419,308420,308455
5,308680,308623,308627,308627,308664
6,308860,308831,308834,308834,308872
4,309060,309039,309042,309041,309081
3,309290,309246,309249,309248,309290
9,309440,309454,309457,309455,309498
1,309670,309662,309664,309662,309707
2,309830,309870,309871,309869,309916
12,310020,310077,310079,310076,310125
11,310230,310285,310286,310283,310333
10,310470,310493,310494,310490,310542
8,310640,310700,310701,310697,310751
5,310900,310908,310908,310904,310959
7,311120,311116,311116,311111,311168
4,311400,311324,311323,311318,311377
6,311570,311531,311531,311525,311585
9,311730,311739,311738,311732,311794
3,311970,311947,311946,311939,312003
2,312160,312154,312153,312146,312212
1,312380,312362,312360,312353,312420
12,312540,312570,312568,312560,312629
11,313020,313016,313021,313017,313046
8,313230,313224,313229,313224,313255
10,313410,313432,313436,313432,313464
7,313620,313640,313643,313639,313672
5,313810,313848,313851,313847,313881
6,314050,314056,314058,314054,314090
4,314220,314264,314266,314262,314298
3,314480,314471,314473,314469,314507
9,314660,314679,314680,314677,314716
1,314890,314887,314888,314884,314925
2,315080,315095,315095,315092,315133
12,315320,315303,315303,315299,315342
8,315500,315511,315510,315507,315551
11,315730,315719,315717,315714,315759
10,315930,315927,315925,315922,315968
5,316150,316134,316132,316129,316177
7,316330,316342,316340,316337,316385
4,316550,316550,316547,316544,316594
6,316730,316758,316754,316752,316803
9,316920,316966,316962,316959,317012
3,317220,317174,317169,317167,317220
2,317400,317382,317377,317374,317429
1,317620,317590,317584,317582,317638
12,317800,317797,317791,317789,317846
8,318280,318254,318263,318271,318264
10,318450,318464,318471,318479,318472
11,318670,318674,318679,318687,318681
7,318910,318883,318887,318895,318890
5,319130,319093,319095,319103,319099
6,319290,319302,319303,319311,319307
4,319470,319512,319510,319519,319516
3,319760,319721,319718,319727,319725
9,319890,319931,319926,319935,319933
1,320150,320140,320134,320144,320142
2,320340,320350,320342,320352,320351
12,320570,320559,320550,320560,320559
10,320740,320769,320758,320768,320768
8,320880,320979,320966,320976,320977
11,321170,321188,321174,321184,321186
5,321390,321398,321382,321392,321394
7,321620,321607,321590,321600,321603
4,321810,321817,321798,321808,321812
6,322000,322026,322006,322016,322020
9,322220,322236,322214,322224,322229
3,322510,322445,322422,322433,322438
2,322690,322655,322630,322641,322646
1,322880,322864,322838,322849,322855
12,323110,323074,323046,323057,323064
8,323450,323512,323514,323524,323481
10,323640,323721,323722,323732,323690
5,323960,323931,323931,323940,323899
11,324130,324141,324139,324148,324107
4,324350,324350,324348,324357,324316
7,324600,324560,324556,324565,324525
9,324740,324770,324764,324773,324733
6,324980,324979,324973,324981,324942
2,325180,325189,325181,325189,325151
3,325390,325399,325390,325397,325359
1,325630,325608,325598,325605,325568
12,325810,325818,325807,325813,325777
8,325990,326028,326015,326022,325986
5,326250,326238,326224,326230,326194
10,326420,326447,326432,326438,326403
4,326650,326657,326641,326646,326612
11,326860,326867,326849,326854,326820
9,327070,327076,327057,327062,327029
7,327330,327286,327266,327270,327238
2,327480,327496,327474,327478,327446
6,327670,327705,327683,327687,327655
1,327920,327915,327891,327895,327864
3,328160,328125,328100,328103,328073
12,328360,328334,328308,328311,328281
5,328830,328782,328773,328785,328699
8,329030,328990,328982,328993,328907
10,329260,329199,329190,329201,329116
11,329370,329408,329399,329410,329325
4,329560,329616,329608,329618,329533
7,329810,329825,329817,329826,329742
9,330010,330033,330025,330034,329951
6,330230,330242,330234,330243,330160
2,330440,330451,330443,330451,330368
3,330660,330659,330651,330659,330577
1,330880,330868,330860,330868,330786
12,331040,331076,331069,331076,330994
5,331330,331285,331278,331284,331203
10,331480,331494,331486,331492,331412
8,331680,331702,331695,331701,331620
4,331860,331911,331904,331909,331829
11,332100,332119,332113,332117,332038
9,332330,332328,332321,332326,332246
7,332550,332537,332530,332534,332455
2,332730,332745,332739,332742,332664
6,332940,332954,332947,332950,332873
1,333210,333162,333156,333159,333081
3,333390,333371,333365,333367,333290
12,333600,333580,333574,333575,333499
10,334070,334034,334035,334054,333916
5,334240,334243,334244,334261,334125
8,334490,334452,334453,334469,334333
11,334680,334662,334662,334677,334542
4,334800,334871,334871,334884,334751
7,335060,335080,335080,335092,334960
9,335270,335290,335289,335300,335168
6,335480,335499,335498,335507,335377
2,335690,335708,335707,335715,335586
3,335950,335918,335915,335923,335794
1,336180,336127,336124,336130,336003
12,336350,336336,336333,336338,336212
10,336560,336546,336542,336545,336420
8,336770,336755,336751,336753,336629
5,336970,336964,336960,336961,336838
4,337110,337174,337169,337168,337047
11,337340,337383,337378,337376,337255
9,337580,337592,337587,337584,337464
7,337810,337802,337796,337791,337673
2,338010,338011,338005,337999,337881
6,338200,338220,338214,338207,338090
1,338470,338430,338423,338414,338299
3,338670,338639,338631,338622,338507
12,338850,338849,338840,338830,338716
8,339280,339284,339284,339289,339134
10,339500,339492,339492,339497,339342
4,339620,339700,339701,339704,339551
5,339850,339908,339909,339911,339760
9,340100,340116,340118,340118,339968
11,340300,340324,340326,340325,340177
2,340530,340532,340535,340533,340386
7,340740,340740,340743,340740,340594
6,340950,340948,340952,340947,340803
3,341310,341157,341161,341154,341012
1,341470,341365,341369,341362,341220
12,341550,341573,341578,341569,341429
10,341770,341781,341786,341776,341638
8,341890,341989,341995,341983,341847
4,342140,342197,342203,342191,342055
9,342380,342405,342412,342398,342264
5,342590,342613,342620,342605,342473
2,342870,342821,342829,342812,342681
11,343020,343029,343038,343020,342890
6,343200,343237,343246,343227,343099
7,343430,343445,343455,343434,343307
1,343670,343653,343663,343641,343516
3,343900,343861,343872,343848,343725
12,344080,344070,344080,344056,343934
10,344510,344518,344525,344526,344351
4,344700,344726,344734,344734,344560
8,344960,344934,344942,344941,344768
5,345140,345142,345150,345149,344977
9,345330,345351,345358,345356,345186
11,345590,345559,345567,345564,345394
2,345750,345767,345775,345771,345603
7,345990,345975,345983,345979,345812
6,346200,346184,346191,346186,346021
3,346420,346392,346400,346394,346229
1,346640,346600,346608,346601,346438
12,346790,346808,346816,346809,346647
4,347010,347017,347024,347016,346855
10,347250,347225,347233,347224,347064
8,347330,347433,347441,347431,347273
9,347630,347641,347649,347639,347481
5,347830,347850,347857,347846,347690
2,348030,348058,348065,348054,347899
11,348290,348266,348274,348261,348107
6,348500,348474,348482,348469,348316
7,348670,348683,348690,348676,348525
1,348940,348891,348898,348884,348734
3,349110,349099,349107,349091,348942
12,349290,349307,349315,349299,349151
4,349760,349763,349766,349769,349568
8,350020,349971,349974,349976,349777
10,350200,350179,350182,350184,349986
5,350430,350387,350390,350392,350194
9,350590,350595,350598,350599,350403
11,350830,350802,350806,350807,350612
2,351010,351010,351014,351014,350821
7,351180,351218,351222,351222,351029
6,351410,351426,351431,351430,351238
3,351630,351634,351639,351637,351447
1,351870,351842,351847,351845,351655
12,352020,352050,352055,352052,351864
8,352250,352258,352263,352260,352073
4,352480,352466,352471,352468,352281
10,352650,352674,352679,352675,352490
9,352850,352881,352887,352883,352699
5,353090,353089,353095,353090,352908
2,353310,353297,353303,353298,353116
11,353480,353505,353511,353506,353325
6,353730,353713,353719,353713,353534
7,353920,353921,353927,353921,353742
1,354160,354129,354135,354128,353951
3,354350,354337,354343,354336,354160
12,354530,354545,354551,354544,354368
4,355050,355004,355008,355020,354786
8,355280,355212,355216,355227,354995
9,355440,355420,355424,355434,355203
10,355630,355629,355632,355641,355412
2,355840,355837,355840,355849,355621
5,356000,356045,356049,356056,355829
6,356250,356254,356257,356263,356038
11,356460,356462,356465,356470,356247
1,356660,356670,356673,356677,356455
7,356860,356879,356881,356884,356664
3,357120,357087,357089,357091,356873
12,357250,357295,357297,357299,357081
4,357500,357504,357505,357506,357290
9,357680,357712,357713,357713,357499
8,357820,357920,357921,357920,357708
2,358210,358129,358129,358127,357916
10,358350,358337,358337,358334,358125
6,358530,358545,358545,358541,358334
5,358760,358754,358754,358748,358542
1,359000,358962,358962,358956,358751
11,359200,359170,359170,359163,358960
3,359420,359379,359378,359370,359168
7,359600,359587,359586,359577,359377
12,359740,359795,359794,359784,359586
9,360240,360237,360240,360245,360003
4,360420,360444,360448,360452,360212
8,360630,360652,360655,360659,360421
10,360840,360860,360863,360865,360629
2,361070,361067,361071,361072,360838
5,361290,361275,361279,361279,361047
6,361480,361483,361487,361485,361255
11,361700,361690,361694,361692,361464
1,361900,361898,361902,361899,361673
7,362090,362106,362110,362105,361882
3,362310,362314,362318,362312,362090
12,362510,362521,362526,362519,362299
9,362700,362729,362734,362725,362508
8,362960,362937,362941,362932,362716
4,363100,363144,363149,363139,362925
2,363350,363352,363357,363345,363134
10,363570,363560,363565,363552,363342
6,363760,363767,363773,363759,363551
5,363960,363975,363980,363965,363760
1,364220,364183,364188,364172,363969
11,364400,364390,364396,364379,364177
3,364660,364598,364604,364586,364386
7,364780,364806,364812,364792,364595
12,364990,365013,365019,364999,364803
8,365530,365461,365465,365464,365221
9,365710,365668,365673,365671,365429
4,365830,365876,365880,365878,365638
10,366070,366083,366088,366085,365847
2,366280,366290,366295,366292,366055
5,366490,366498,366503,366499,366264
6,366690,366705,366710,366706,366473
11,366880,366912,366918,366913,366682
1,367130,367120,367125,367120,366890
7,367310,367327,367333,367327,367099
3,367530,367534,367541,367534,367308
12,367790,367742,367748,367741,367516
8,367850,367949,367956,367949,367725
4,368160,368156,368163,368156,367934
9,368350,368364,368371,368363,368142
2,368580,368571,368578,368570,368351
10,368790,368778,368786,368777,368560
6,369000,368986,368993,368984,368769
5,369190,369193,369201,369191,368977
1,369450,369400,369408,369398,369186
11,369590,369608,369616,369605,369395
3,369870,369815,369823,369812,369603
7,369960,370022,370031,370019,369812
12,370250,370230,370238,370226,370021
4,370730,370692,370695,370704,370438
8,370930,370899,370903,370911,370647
2,371130,371107,371110,371118,370856
9,371260,371315,371318,371325,371064
6,371500,371522,371525,371532,371273
10,371760,371730,371733,371739,371482
1,372010,371938,371940,371945,371690
5,372150,372145,372148,372152,371899
3,372360,372353,372355,372359,372108
11,372520,372561,372563,372566,372316
7,372690,372768,372770,372773,372525
12,372970,372976,372978,372980,372734
8,373180,373183,373185,373187,372943
4,373430,373391,373393,373394,373151
2,373650,373599,373600,373601,373360
6,373840,373806,373808,373807,373569
9,373980,374014,374015,374014,373777
1,374290,374222,374223,374221,373986
10,374440,374429,374430,374428,374195
3,374680,374637,374638,374635,374403
5,374830,374845,374846,374842,374612
7,374990,375052,375053,375049,374821
11,375210,375260,375261,375256,375029
12,375470,375467,375468,375463,375238
8,375920,375919,375918,375924,375656
2,376110,376126,376125,376131,375864
4,376360,376333,376333,376337,376073
9,376530,376540,376540,376544,376282
6,376750,376747,376747,376750,376490
10,377000,376954,376955,376957,376699
1,377240,377161,377162,377163,376908
5,377360,377368,377369,377370,377116
3,377600,377574,377577,377576,377325
11,377720,377781,377784,377783,377534
7,377880,377988,377991,377989,377743
12,378160,378195,378199,378196,377951
2,378390,378402,378406,378402,378160
8,378580,378609,378613,378608,378369
4,378830,378816,378821,378815,378577
6,379030,379023,379028,379021,378786
9,379210,379229,379235,379228,378995
1,379520,379436,379443,379434,379203
10,379690,379643,379650,379641,379412
3,379910,379850,379857,379847,379621
5,380060,380057,380064,380054,379830
7,380220,380264,380272,380260,380038
11,380440,380471,380479,380467,380247
12,380660,380678,380686,380673,380456
2,381110,381132,381138,381141,380873
4,381300,381340,381345,381347,381082
8,381600,381547,381552,381554,381290
9,381730,381754,381759,381761,381499
6,381980,381962,381966,381967,381708
10,382160,382169,382174,382174,381916
1,382430,382376,382381,382381,382125
5,382620,382584,382588,382587,382334
3,382830,382791,382795,382794,382543
11,382960,382998,383002,383000,382751
7,383120,383206,383210,383207,382960
12,383380,383413,383417,383414,383169
4,383640,383620,383624,383620,383377
2,383860,383828,383831,383827,383586
8,384030,384035,384038,384034,383795
6,384210,384242,384246,384240,384003
9,384410,384450,384453,384447,384212
1,384720,384657,384660,384654,384421
10,384890,384865,384867,384860,384630
3,385120,385072,385074,385067,384838
5,385320,385279,385282,385274,385047
7,385430,385487,385489,385480,385256
11,385640,385694,385696,385687,385464
12,385920,385901,385903,385894,385673
2,386420,386361,386358,386367,386090
4,386550,386568,386565,386574,386299
6,386760,386775,386772,386780,386508
8,387000,386981,386979,386986,386717
1,387260,387188,387186,387193,386925
9,387380,387394,387393,387399,387134
3,387630,387601,387600,387605,387343
10,387810,387808,387808,387812,387551
5,388030,388014,388015,388018,387760
11,388190,388221,388222,388224,387969
7,388370,388428,388429,388431,388177
12,388650,388634,388636,388637,388386
2,388860,388841,388843,388843,388595
6,389020,389047,389050,389049,388804
4,389210,389254,389257,389256,389012
1,389510,389461,389464,389462,389221
8,389610,389667,389672,389668,389430
3,389910,389874,389879,389875,389638
9,390070,390081,390086,390081,389847
5,390270,390287,390293,390287,390056
10,390550,390494,390500,390494,390264
7,390680,390701,390707,390700,390473
11,390870,390907,390914,390906,390682
12,391150,391114,391121,391113,390890
6,391560,391575,391569,391567,391308
2,391750,391780,391776,391773,391517
4,391970,391986,391983,391980,391725
8,392210,392192,392189,392187,391934
1,392490,392398,392396,392393,392143
9,392630,392603,392603,392600,392351
3,392830,392809,392810,392806,392560
10,393010,393015,393016,393013,392769
5,393150,393220,393223,393219,392977
11,393370,393426,393430,393426,393186
7,393580,393632,393637,393633,393395
12,393850,393837,393844,393839,393604
6,394110,394043,394050,394046,393812
4,394280,394249,394257,394252,394021
2,394520,394455,394464,394459,394230
1,394740,394660,394671,394666,394438
8,394880,394866,394877,394872,394647
3,395140,395072,395084,395079,394856
9,395280,395277,395291,395285,395064
5,395450,395483,395498,395492,395273
10,395630,395689,395705,395698,395482
7,395850,395895,395911,395905,395691
11,396030,396100,396118,396112,395899
12,396310,396306,396325,396318,396108
4,396880,396797,396790,396804,396525
6,397040,397003,396997,397011,396734
2,397280,397209,397204,397217,396943
8,397490,397415,397410,397424,397151
1,397670,397622,397617,397630,397360
9,397820,397828,397824,397837,397569
3,398040,398034,398031,398043,397778
10,398240,398240,398238,398249,397986
5,398370,398447,398445,398456,398195
11,398610,398653,398652,398662,398404
7,398760,398859,398859,398869,398612
12,399020,399065,399066,399075,398821
4,399320,399271,399273,399282,399030
2,399550,399478,399479,399488,399238
6,399740,399684,399686,399694,399447
1,399970,399890,399893,399901,399656
8,400160,400096,400100,400107,399864
3,400370,400302,400307,400314,400073
9,400490,400509,400514,400520,400282
5,400660,400715,400721,400727,400491
10,400870,400921,400928,400933,400699
7,401110,401127,401135,401139,400908
11,401310,401334,401342,401346,401117
12,401510,401540,401549,401552,401325
2,402060,402014,401999,402018,401743
4,402190,402219,402205,402223,401951
1,402470,402424,402412,402427,402160
6,402600,402629,402619,402632,402369
3,402880,402833,402825,402837,402578
8,403120,403038,403032,403042,402786
5,403270,403243,403238,403246,402995
9,403410,403448,403445,403451,403204
7,403630,403652,403651,403656,403412
10,403810,403857,403858,403861,403621
11,404030,404062,404065,404065,403830
12,404210,404267,404271,404270,404038
4,404480,404471,404478,404475,404247
2,404680,404676,404684,404680,404456
1,404950,404881,404891,404884,404665
3,405140,405085,405097,405089,404873
6,405300,405290,405304,405294,405082
5,405520,405495,405511,405499,405291
8,405760,405700,405717,405703,405499
7,405930,405904,405924,405908,405708
9,406080,406109,406130,406113,405917
11,406310,406314,406337,406318,406125
10,406350,406519,406543,406522,406334
12,406760,406723,406750,406727,406543
4,407230,407194,407178,407175,406960
1,407470,407397,407383,407379,407169
2,407660,407599,407589,407584,407378
6,407720,407801,407794,407788,407586
3,408030,408004,408000,407992,407795
8,408220,408206,408205,408196,408004
5,408440,408408,408411,408400,408212
9,408580,408611,408616,408605,408421
7,408830,408813,408822,408809,408630
10,408860,409016,409027,409013,408838
11,409130,409218,409233,409217,409047
12,409350,409420,409438,409421,409256
1,409670,409623,409644,409625,409465
4,409860,409825,409849,409830,409673
2,410070,410027,410055,410034,409882
3,410330,410230,410260,410238,410091
6,410460,410432,410466,410442,410299
5,410670,410635,410671,410646,410508
8,410880,410837,410877,410851,410717
7,411090,411039,411082,411055,410925
9,411260,411242,411288,411259,411134
10,411430,411444,411493,411463,411343
11,411460,411646,411699,411667,411552
12,411860,411849,411904,411871,411760
1,412390,412327,412344,412336,412178
2,412570,412532,412549,412541,412386
4,412670,412738,412754,412745,412595
6,412880,412943,412959,412950,412804
3,413210,413148,413164,413154,413012
8,413370,413354,413369,413359,413221
5,413580,413559,413574,413564,413430
9,413750,413764,413779,413768,413639
7,413940,413969,413984,413973,413847
10,414150,414175,414189,414178,414056
11,414300,414380,414394,414382,414265
12,414540,414585,414599,414587,414473
2,414810,414791,414805,414791,414682
1,415030,414996,415010,414996,414891
4,415180,415201,415215,415201,415099
3,415500,415406,415420,415405,415308
6,415620,415612,415625,415610,415517
5,415840,415817,415830,415815,415725
8,416040,416022,416035,416019,415934
7,416220,416227,416240,416224,416143
9,416390,416433,416445,416428,416352
11,416600,416638,416650,416633,416560
10,416840,416843,416855,416838,416769
12,417120,417049,417060,417042,416978
1,417590,417521,417511,417514,417395
2,417760,417725,417715,417718,417604
3,417940,417928,417920,417923,417812
4,418110,418132,418125,418127,418021
5,418340,418335,418330,418331,418230
6,418550,418539,418534,418535,418439
7,418710,418742,418739,418739,418647
8,418920,418945,418944,418944,418856
9,419100,419149,419148,419148,419065
10,419360,419352,419353,419352,419273
11,419550,419556,419558,419556,419482
12,419750,419759,419763,419760,419691
1,420010,419963,419967,419965,419899
2,420180,420166,420172,420169,420108
3,420430,420370,420377,420373,420317
4,420570,420573,420582,420577,420526
5,420770,420777,420786,420781,420734
6,420980,420980,420991,420986,420943
7,421170,421183,421196,421190,421152
8,421330,421387,421401,421394,421360
9,421560,421590,421605,421598,421569
10,421750,421794,421810,421802,421778
11,421990,421997,422015,422007,421986
12,422280,422201,422220,422211,422195
1,422760,422676,422665,422662,422613
2,422910,422878,422869,422866,422821
3,423090,423081,423073,423070,423030
4,423260,423284,423277,423274,423239
5,423460,423486,423482,423478,423447
6,423700,423689,423686,423682,423656
7,423870,423891,423890,423885,423865
8,424090,424094,424094,424089,424073
9,424270,424296,424299,424293,424282
10,424440,424499,424503,424497,424491
11,424680,424702,424707,424701,424699
12,424910,424904,424911,424905,424908
1,425180,425107,425116,425109,425117
2,425350,425309,425320,425312,425326
3,425550,425512,425524,425516,425534
4,425700,425714,425729,425720,425743
5,425900,425917,425933,425924,425952
6,426090,426120,426137,426128,426160
7,426300,426322,426341,426332,426369
8,426490,426525,426546,426536,426578
9,426700,426727,426750,426740,426786
10,426910,426930,426954,426943,426995
11,427140,427132,427158,427147,427204
12,427410,427335,427363,427351,427413
1,427870,427810,427817,427819,427830
2,428070,428015,428022,428023,428039
3,428250,428219,428226,428227,428247
4,428360,428424,428430,428430,428456
5,428620,428629,428634,428634,428665
6,428830,428833,428838,428838,428873
7,429010,429038,429043,429042,429082
8,429200,429243,429247,429246,429291
9,429400,429447,429451,429450,429500
10,429600,429652,429655,429654,429708
11,429800,429857,429860,429858,429917
12,430070,430061,430064,430061,430126
1,430310,430266,430268,430265,430334
2,430510,430471,430472,430469,430543
3,430720,430675,430677,430673,430752
4,430870,430880,430881,430877,430960
5,431070,431085,431085,431081,431169
6,431260,431289,431289,431285,431378
7,431500,431494,431494,431488,431587
8,431650,431699,431698,431692,431795
9,431900,431903,431902,431896,432004
10,432110,432108,432106,432100,432213
11,432310,432313,432310,432304,432421
12,432630,432517,432515,432508,432630
